<?xml version="1.0" encoding="UTF-8"?>
<beans xmlns="http://www.springframework.org/schema/beans"
	xmlns:xsi="http://www.w3.org/2001/XMLSchema-instance"
	xmlns:context="http://www.springframework.org/schema/context"
	xsi:schemaLocation="http://www.springframework.org/schema/beans
    http://www.springframework.org/schema/beans/spring-beans.xsd
    http://www.springframework.org/schema/context
    http://www.springframework.org/schema/context/spring-context.xsd">

	<bean id="address" class="com.citi.pojo.Address">
		<constructor-arg name="doorNumber" value="" />
		<constructor-arg name="street" value="" />
		<constructor-arg name="city" value="" />
		<constructor-arg name="pin" value="0" />
	</bean>

	<bean id="employee" class="com.citi.pojo.Employee">
		<constructor-arg name="employeeId" value="0" />
		<constructor-arg name="name" value="" />
		<constructor-arg name="salary" value="0" />
		<constructor-arg name="address" ref="address" />
	</bean>

</beans>

